Model,MAE,RMSE,R2
LGBM,387.2983990061461,467.5133445778915,0.9591128645721719
RF,337.6195874487939,423.52011455351425,0.9703252987771641
XGB,343.71061832049054,452.82004542125895,0.9594800962306155
