Model,MAE,RMSE,R2
LGBM,607.7104432322817,708.1930296033732,0.925294926729669
RF,578.2291127784528,677.4395225916768,0.9386950081803705
XGB,630.0548010320284,726.3068189734819,0.9271665151019851
