Model,Parameter,MAE,RMSE,R2
RF,latitude,0.005331469339790971,0.006018967586646926,0.9973641827838734
RF,longitude,0.014099661726795033,0.015923807660269646,0.9974201728669988
RF,altitude,760.6010780290163,1020.1890163503067,0.9539317171843461
XGB,latitude,0.0067360767164097975,0.008009787907270116,0.9953321884519954
XGB,longitude,0.018011272719707563,0.02141737977148216,0.9953330899012224
XGB,altitude,797.45296875,1033.676051138905,0.9527056217193604
LGBM,latitude,0.005797272310229005,0.0068560944420006905,0.9965800097825463
LGBM,longitude,0.015502829166059655,0.01833428812601595,0.9965800097825451
LGBM,altitude,626.8483162979508,849.5882681218332,0.968050964590804
