Model,MAE,RMSE,R2
LGBM,208.956538799809,283.2044861681337,0.9870703280519652
RF,253.54016972002762,340.07031970851784,0.9829053576117395
XGB,265.8259053664787,344.56849276886123,0.9811236333575261
