Model,Parameter,MAE,RMSE,R2
RF,latitude,0.18034423140741107,0.1995801257402293,-3.319312789987979
RF,longitude,0.6013523196296272,0.6581686069887163,-4.827654639804654
RF,altitude,3281.281855911969,4769.723491264927,-0.6339741271409278
XGB,latitude,0.09059680943467831,0.13273205960628376,-0.9104326788078059
XGB,longitude,0.25688522865849417,0.3763230929149076,-0.9052028306645732
XGB,altitude,3462.259693287037,5090.69438439208,-0.8612847328186035
LGBM,latitude,0.09189680026141224,0.1326723697436144,-0.9087148146528901
LGBM,longitude,0.2612417705992551,0.37684586534661063,-0.9104997647497359
LGBM,altitude,3461.7946868527256,5070.35934878749,-0.8464444621848322
