Model,MAE,RMSE,R2
LGBM,1154.0492751411955,1690.28962234086,-0.8885530138624861
RF,1094.0211841543353,1590.1937466658856,-2.9269805189778535
XGB,1154.2023917750432,1697.0678131815337,-0.8923067474303276
