Model,Parameter,MAE,RMSE,R2
RF,latitude,0.0013007805569350476,0.0016855917459307472,0.9998669012197505
RF,longitude,0.0034933795324979164,0.004361036224707481,0.9998754125920485
RF,altitude,51.69662921720082,60.14615632801379,-0.09002636473434933
XGB,latitude,0.007668668457226128,0.00893483064989371,0.9962602554813205
XGB,longitude,0.02050660283771511,0.023892534768946486,0.9962604511097618
XGB,altitude,53.336328125,61.661655062919536,-0.14564931392669678
LGBM,latitude,0.004335766089909517,0.005182817592312903,0.9987416509310134
LGBM,longitude,0.011594528840267534,0.01385967942038376,0.9987416509310142
LGBM,altitude,75.2152141788162,91.03665170989817,-1.4972027085886848
