Model,MAE,RMSE,R2
LGBM,25.077048157915456,30.351898068970286,0.16676019775778098
RF,17.233807792430085,20.050734318661476,0.6365719830258166
XGB,17.78816779876498,20.564827476112793,0.6156237975547952
